comment_text,like_count,published_at
"""look at you ,now look at me""

yes im looking at you rn",23405,2020-06-26T09:03:08Z
"Não existe uma melhor que a outra, elas brilham juntas.",1982,2021-11-09T03:07:09Z
"YG : how many hairstyles & hair colour do you want to get in mv?

Lisa : Yes.",15631,2020-06-26T09:09:59Z
blackpink comeback with jump sent me back to this comeback. hylt was revolutionary,99,2025-07-11T04:47:53Z
BLACKPINK IN YOUR AREA will forever be an iconic intro...,2190,2024-03-23T18:56:57Z
HOY SE LLEGA A LOS 900 MILLONES ¡VAMOS QUE SE PUEDE!,472,2021-06-23T18:56:30Z
Donde esta todo el fandom Blink??? Solo veo a latinoamericanas apoyando,1607,2021-05-25T01:03:12Z
"it's already jump era,but i am still not over this masterpiece after 5 years,blink forever!",386,2025-07-11T05:24:49Z
Can anyone tell me when they will start promoting on music shows and what shows...,29889,2020-06-26T15:47:02Z
"Mucho talento, perfección y belleza para mis ojos.",4195,2020-06-26T11:45:20Z
"Lisa and Jennie: ""look at you now look at me"" 

Me: I know I am a potato you don't have to call me out like that",5584,2020-06-26T09:13:38Z
"Whos here after JUMP ?
The vibe and nostalgia this song brings is unmatchable . We are never gonna get an amazing song like HYLT blackpink are legends !!",28,2025-07-19T12:48:30Z
Yay the come back is finnaly here and I LOVED it <3,6945,2020-06-26T15:46:49Z
"YG: How many wigs do you want?

Blackpink: Yes.",20111,2020-06-26T09:25:08Z
Blinks de Latinoamérica vamos a darle el billón a HYLT,3312,2021-05-29T17:33:26Z
"오 나의 소녀들, 정말 추억이네요 😭😭😭🖇️✨💋💗",35,2025-07-12T08:50:31Z
"2025,누가 보 고 잇ㅅ 니",1457,2025-06-24T13:38:15Z
"0:41 Rosie, you're so cute",3152,2020-06-26T15:46:39Z
"my brain: how many times you're going to click that replay?
me: yes",10671,2020-06-26T09:30:41Z
"a masterpiece that all people not gonna forget
*BLACKPINK FOREVER*
*BLACKPINK IS THE REVOLUTIONS*",39,2025-07-11T10:01:01Z
"KEEP STR3AMING BLINKS!!
SPOTIFY TOO!!!",580,2020-06-26T15:46:27Z
bruh my head is now repeating “doom doo du dodo do doom” over and over again,3377,2020-06-26T09:04:55Z
The nostalgia I got after listening this song is,371,2025-04-19T00:03:00Z
이게 벌써 5년 전이라고??,35,2025-07-11T13:12:03Z
"2:12 - Rosé: ""the day i fell without my wings""
I knew youre an angel",853,2020-06-26T10:03:06Z
cada vez estamos mas cerca vamos blinks,438,2021-06-10T16:59:41Z
yow this one a diss track for them haters lmao and we see this slaps because they’re so mad,5702,2020-06-26T15:46:23Z
This is always Iconic. 5 yrs but I'll always in awe.,9,2025-07-11T13:17:49Z
"When its starting to premiere and it blacked out
Me panickingggg: wHAATTTTTTTTTT",5180,2020-06-26T09:14:59Z
Now I understand why did jisoo said that boombayah “botta bing botta boom” is a hint,4034,2020-06-26T09:09:24Z
"ya escuché tantas veces y no me aburre, se sigue sintiendo como si se hubiese estrenado recién aaaa, en fin, Blackpink tus patronas",2836,2021-06-10T15:14:42Z
For me HYLT MV remains as the most artistic and cinematic BP mv! The sets are literally so amazing!,0,2025-07-22T06:15:55Z
the “that that that that” reminds me of skz in double knot with the “da da da da”,391,2020-06-26T09:21:33Z
"HYLT: ""Look at you now look at me""
KTL: ""Look at me, look at you""",4163,2020-06-26T09:13:42Z
"Nosotros podemos, hagan esfuerzo por BLACKPINK!",622,2021-11-06T22:05:59Z
THE QUEENS ARE BACK !!!!,9,2025-07-07T22:29:10Z
"""Look at you, look at me""
That line was also in Kill this love
And now its heree tooo . WOW",718,2020-06-26T09:16:44Z
"Este grupo es de lo mejor llevo días escuchando esta música 
Son genial 
Arriba BLINK!!!!!!!!!",575,2022-04-26T14:35:04Z
"“look at you now look at me”
ok queen",1069,2020-06-26T09:08:23Z
I love this song 💖💖💖,5,2025-07-24T02:42:27Z
ya ha pasado un año desde que salió esta canción y cada vez que la escucho es como si la estuviera escuchando por primera vez,134,2021-08-07T19:06:25Z
Guys let’s break the record juice ayo.  Edit: OMG WE DID IT WE DID IT WE DID IT,7348,2020-06-26T15:46:42Z
"BLINKS, VAMOS!!!!
VAMOS MOSTRAR AOS ANTIS QUEM É O MAIOR GG DO KPOP!!!!
1B EM HYLT E 2B EM D4!!!",451,2021-10-16T11:32:18Z
"BLACKPINK IN YOUR AREA, a slogan that will never be forgotten❤.",0,2025-07-11T05:38:05Z
"Finally PUBGM X Blackpink 
Now enjoy in lobby!!!!!",164,2020-09-25T06:07:23Z
"We broke the last record AHHH already have 79 million, congratulations blink
Edit: we should broke the new record, go go go blink",191,2020-06-27T07:41:48Z
"""Yesterday is a History""
""Tomorrow is a Mystery""
""Today is a Gift thats why we call it as Present'
Let's Make HYLT 1.B BEFORE 1st Year Anniversary!!!!
BLACKPINK IS THE REVOLUTION!",630,2021-06-05T11:19:46Z
''blackpink in your area'' will always forever be in my heart,0,2025-07-21T09:50:42Z
"Me: _sees an ad_ *don't skip, don't skip!!*",400,2020-06-26T09:26:38Z
"Lisa  : Look at Me
Me : Yes im looking at you my queen",643,2020-06-26T09:02:12Z
Se mueven más las vistas del dance practice que el M/V,222,2021-04-21T20:13:09Z
Love Blackpink❤,2,2025-07-23T11:16:06Z
BLINKS SOLO AUMENTAMOS 2 MILLONES QUE PASOOOOO SIGAMOS HACIEMDO STR34M,215,2021-05-27T17:26:06Z
""" *BA DA BING BA DA BOOM BOOM BOOM* ""
- Blackpink, June 26th 2020",344,2020-06-26T09:08:48Z
"No one:
Literally no one:
Not even Lisa's bangs:

Blink's : BaDaMinG BaDabONg boOm BoOm",1136,2020-06-26T09:02:45Z
MY QUEENS!!! NO ONE CAN COME CLOSE TO BLACKPINKKKKKK,0,2025-07-10T05:04:32Z
"VAMOS BLINKS NOSOTR@S PODEMOS NO SEAMOS “BLONKS” LAS CHICAS SE LO MERECEN VAMOS A TENER CINCO MV CON MÁS DE UN BILLÓN!! VAMOS NOSOTROS PODEMOS POR QUE AMAMOS A LAS CHICAS NO SEAMOS UN FANDOM FALSO QUE NO APOYA,APOYEMOS A NUESTRAS REINAS!,",1709,2021-06-10T18:56:30Z
"vamos blinks que esperan, avisen a las demás blinks, que no estan enteradas, sigamos avanzando",2242,2021-05-29T21:53:05Z
"BLINKS ÚLTIMAMENTE EH ESTADO VIENDO MUCHOS COMENTARIOS EN ESPAÑOL, LATINOAMÉRICA ARRASANDO<3",1438,2021-05-25T20:32:25Z
This was the first song i heard from.Blackpink... still is legendary,0,2025-07-05T19:09:14Z
BLACKPINK grabs another record as 'How You Like That' becomes the fastest Kpop Girl Group MV to hit 900M views on youtube.,759,2021-06-24T12:50:32Z
"FALTA MUY POCO PARA EL 1B, VAMOS BLINKS, POR LAS CHICAS, BLACKPINK IS REVOLUTION
BLACKPINK IN YOUR AREA !!",734,2021-11-11T20:42:21Z
"""look at you now look at me""

Blackpink you don't need make us feel more potato than we already are!!!",515,2020-06-26T09:10:31Z
"This is so nostalgic🥺💖

Old is diamond💎🎀......",0,2025-07-27T06:16:45Z
"Words cannot describe how much I like this song, it's a pity that songs are no longer released 🥹",237,2024-12-05T21:41:49Z
"Encerio, pongan empeño realmente tenemos que llegar al Billón no perdamos las esperanzas, y si no completamos al menos lo intentamos",393,2021-08-04T05:10:47Z
We’ve almost hit 50M in 10 hours blinks! This is an amazing achievement - BE PROUD,509,2020-06-26T19:45:02Z
I'm in love with this mv so much.. so I came back to watch it again!,0,2025-07-22T10:45:47Z
"1st listhen: okay....
2nd listen: badabing badabing
3rd listen: LOOK AT YOU NOW LOOK AT ME",574,2020-06-26T09:03:36Z
"1 second of the video plays:
me: ISSA BOP",1818,2020-06-26T09:03:02Z
"director: ""how many umbrellas?""
jennie: ""yes""",763,2020-06-26T09:02:29Z
Are we not gonna ignore the Visuals? Amazing.,0,2025-07-22T13:39:27Z
"《BLINK'S HACIENDO STR3AM PARA EL BILLÓN 》
AQUÍ 《INSERTE LIKE》",525,2021-04-23T21:58:08Z
"*""LOOK AT YOU, NOW LOOK AT ME""* 
ME: JUST LOOKING AT THEM AT AWE",1060,2020-06-26T09:06:16Z
"My bestfriend and I after quarantine

""LoOk aT MeE NoW LoOk At YoUu""",204,2020-06-26T09:23:32Z
I love you blakpink ❤❤❤,0,2025-07-26T14:41:55Z
"""HOW YOU LIKE THAT""
""NA DEUL SSET""

I LIKE PART",127,2020-06-26T09:14:04Z
"Hay que hacerlo por las chicas, para que estén felices y tengan su 5° MV con un billón antes de su aniversario.",1115,2021-05-24T23:53:15Z
ROSE ! “ITS A BIRD... ITS A PLANE” ICONIC.,146,2020-06-26T09:13:50Z
Blackpink gonna kick off their deadline world tour this month !!! 🔥,1,2025-07-03T14:48:42Z
HOW YOU LİKE THAT,186,2020-06-26T15:47:45Z
"No one: 
Literally no one: 
Me: EVERYONE LOOKS SO GOOD",841,2020-06-26T09:06:29Z
"""LOOK AT YOU NOW LOOK AT ME""
GOD OK IM UGLY YOUVE PROVEN YOUR POINT..",726,2020-06-26T09:07:48Z
BLACKPINK IS THE REVOLUTION ❤,3,2025-07-08T04:20:15Z
"The blonde highlights: 

Mark, Jisung, Yangyang, Jennie: it's free real estate",292,2020-06-26T09:48:04Z
"Kill this love: look at me look at you
How you like that: look at you now look at me",971,2020-06-26T09:03:15Z
Who's ready for 300M views in 2 weeks??,339,2020-06-27T07:41:23Z
BLACKPINK PAVED THE WAY,6,2025-07-03T22:30:46Z
Everyone please be strong for just 24 hours.  After this we rest okay.,629,2020-06-27T07:41:42Z
"I recently started listening to K-Pop a lot more last year, the reason I didn’t listen to it before was because I didn’t know much about it, it wasn’t until one of my friends showed me this song and instantly fell in love BLACKPINK are one of the groups that made me love the genre just the swagger they had the presence they bought and everything, ever since then I’ve been listening to a lot more groups lately I know there’s a lot more out there that I still need listen to but honestly BLACKPINK are one of my favorites LISA is my Queen I love her🖤💖",288,2022-08-08T06:49:52Z
"No one:
Not even yg:

Me: almost *three hours later* almost",462,2020-06-26T08:57:56Z
Blackpink in you area I LOVE THISSSSSSSSSSSS NOSTALGIC❤,1,2025-07-17T02:27:47Z
Si una alguna vez te sientes estúpido recuerda que hay 1.2M de personas que no les gusta está obra de arte,126,2021-07-06T15:19:35Z
This is 100% Jenlisa’s response to all their haters. Look at you now look at me.,191,2020-06-26T09:25:55Z
"Bts and Blackpink release their mv 1 minute apart

Me: Stans both group = dead",205,2020-06-26T09:28:44Z
still one of blackpink's biggest comeback,7,2025-07-11T07:40:05Z
my jisoo improved so much,230,2020-06-27T07:41:47Z
"me rn;
Left eye: how you like that mv
Right eye: Stay gold mv",169,2020-06-26T09:48:08Z
Random Fact: you’re probably sitting here waiting for them to release it,436,2020-06-26T07:54:16Z
LETTSSS JUMPPP,17,2025-07-11T04:10:24Z
"Kill this love: *Look at me, look at you*
How you like that: *Look at you, now look at me*",319,2020-06-26T09:20:40Z
I WASN’T  MENTALLY PREPARED FOR THIS AT ALL.,1363,2020-06-26T09:14:12Z
"Kill This Love: "" LOOK AT ME LOOK AT YOU""
How You Like That: ""NOW LOOK AT YOU NOW LOOK AT ME""",619,2020-06-26T11:48:38Z
This era is something else 😊❤,0,2025-07-14T15:50:38Z
"POV: Your searching for a comment that doesn’t talk about people 
wanting likes.

(Edit: Its the same on “BTS - Stay gold mv”)
Honestly all these anti’s are getting on my nerves 😤
Nevermind just let the antis comment what they want, atleast it gives  Blackpink and BTS higher chances of having the most comments on a yt m/v.",258,2020-06-26T11:55:03Z
1:41 people weren’t wrong when they say Jennie literally is Chanel.,279,2020-06-26T17:13:29Z
"Youtube: 6 minutes left
Me: WHY IS TIMEE SO SLOWWW",157,2020-06-26T08:52:21Z
literally the best,0,2025-07-03T05:21:07Z
DEMOSTREMOS QUE BLACKPINK NO SON UNA DISTRACCIÓN SINO UNA INSPIRACIÓN!!,145,2023-04-01T20:00:59Z
"everyone in the comments: i'm here before the premier
me: wtf is that purple thing in the back",741,2020-06-26T08:57:08Z
"¿Hay BLINKS de Latinoamérica en los comentarios de este vídeo? Vamos por los 900M y luego al 1B ✧\(>o<)ﾉ✧

Edit: OIGAN! ME FUI 2 DÍAS Y YA 1K DE LIKES, ME SIENTO FAMOSO ;;---;;; 
SIGAMOS CON VER EL VÍDEO DE MANERA CORRECTA Y NO COMENTEN EMOJIS O 5P4M :)",1338,2021-06-06T13:36:05Z
"So much nostalgia, Welcome back BLACKPINK",3,2025-07-11T11:56:40Z
"Blinks estamos perdiendo en todas las votaciones, se que no es obligatorio votar pero hagámoslo por las chicas, y hagamos str3am es muy importante!!
Blinks si podemos.",454,2020-11-18T00:42:21Z
I can still remember waiting this to release last 4years😭 times so fast,397,2024-07-25T15:02:15Z
"2:11 When chaeng said ""The day I fall without my wings"" she ain't lyin' bruh.",152,2020-06-26T13:22:14Z
ugh what a masterpiece of an MV,1,2025-07-20T18:32:49Z
"Everyone: already finished the mv in one go

While me with my potato wifi: =_=",3415,2020-06-26T09:08:23Z
"Assim como estou ansioso pelo Solo da LISA ,
estou pelo 1B que está cada vez mais próx '.",1822,2021-09-07T22:26:24Z
"TODOS LOS BLINKS QUE AHORITA ESTAN HACIENDO STR3AM, GRACIAS uwu Gracias por siempre estar X2",417,2021-04-15T22:56:06Z
Welcome  back  blackpink ❤❤,1,2025-07-14T12:07:14Z
Podriamos hacer este quinto Billón para su aniversario ? Que esperamos? Vamos Blinks,371,2021-06-29T22:04:17Z
1B COMING SOON,652,2021-08-02T04:38:01Z
The first parts of the mv gave me bigbang's Bae Bae vibes,133,2020-06-26T09:03:36Z
BLACKPINK THE QUEENS YOU ALL ARE,3,2025-07-16T02:16:05Z
Omg it's official. This is Jisoo's era,136,2020-06-27T07:46:46Z
"VLive Blink: OH MY GOD YES QUEENS

YouTube Blink: 
“No one:
Literally no one:”",178,2020-06-26T10:02:43Z
Lleguemos mis blinks lleguemos a ese billon y el dance practice también FIRMES Y DIGNOS,559,2021-10-18T01:30:06Z
J'adore  How You Like That'   BLACKPINK,3,2025-07-11T09:08:22Z
2:51 The best backup dancers post ever 😂,275,2020-12-05T14:43:45Z
"New fans of kpop: Hana, dul, set
Blinks: Y A D O M",268,2020-06-26T09:13:19Z
"JenLisa attacked me personally by saying ""look at you, now look at me"" I-",173,2020-06-26T10:16:45Z
"Look up in the sky its a bird, its a plane. That is my favourite line❤❤❤",3,2025-07-20T04:54:01Z
"No one:

Literally no one:

The comments:
“No one” “literally no one”",756,2020-06-26T09:47:22Z
Jisoo is in relationship with fire rain,244,2020-06-26T09:13:59Z
"More & More, Butterfly, Hug U, and How You Like That are sitting at the same table.",139,2020-06-26T09:17:38Z
Look at these SETSSSSS!!!,1,2025-07-14T09:06:44Z
"2:33
Jennie: *""Bring out the boss bish""*
Me: Did i hear that correctly?
Also me: Ooooooooh they've upgraded words",772,2020-06-27T03:32:12Z
Thought Jisoo would say the “Blackpink in your area” now I’m kind of disappointed but keep streaming blinks,206,2020-06-26T09:34:50Z
BLACKPINK MIS REINAS HERMOSAS YA FALTA POCO PARA SU REGRESO LAS AMOOOOO,625,2022-08-14T22:11:03Z
I love this song,1,2025-07-23T19:27:44Z
"me: Blink
my sister: Army
""How you like that"" & ""Stay Gold"" remix at home",172,2020-06-26T09:23:46Z
"School attendance 20%
College attendance 30%
BLACKPINK attendance 100%",176,2021-10-18T09:32:08Z
lisa rhee after 5 minutes: *released a hylt dance cover*,219,2020-06-26T08:41:52Z
Look at me look at you... OnFIRE 🔥🔥,2,2025-07-15T19:27:31Z
I can’t believe this is actually happening,156,2020-06-26T09:00:55Z
"Blackpink: slaying
Blinks: streaming 
YouTube: let's freeze the views",137,2020-06-26T10:00:59Z
"Nobody:
Absolutely no one:
Not even YG:
Lisa:LoOk At YoU lOoK aT mE

Edit:thanks for the likes blinks❤💓",504,2020-06-26T09:15:49Z
this song never get old❤,1,2025-07-18T06:34:35Z
"No one: 
Blackpink: lets get likes and comments before the mv",280,2020-06-26T07:57:35Z
Cuantas veces escucharon esta canción el día de hoy ? Ayuden al str3am,138,2021-05-12T23:01:05Z
"""Look up in the sky its a bird its a plane""

Nah, that's my wig",530,2020-06-26T09:03:18Z
"Here after their comeback 🖤💖""JUMP""🖤💖",1,2025-07-12T15:31:18Z
"No one:
No one:
Blinks:
LET'S EXPLODE COMMENTS",225,2020-06-26T09:15:01Z
"IM GONNA THROW HANDS IF YALL KEEP COMMENTING LIKE THAT

edit note: if you have nothing nice to say, keep your opinion to yourself :) aha",4883,2020-06-26T15:46:32Z
"""look at you""
me looks in the mirror: damn, a potato head-
""now look at me""
me looks at them: *hold my hair, hold my body, hold my money, hold my soul queens*",376,2020-06-26T09:13:52Z
The iconic oreo hair of JENNIE is STUNNIG.,3,2025-07-18T08:41:54Z
"no one:
literally no one:

me:expecting jisoo will say ""blackpink in your area""",189,2020-06-26T09:39:28Z
*BLINKs do mundo inteiro vamos atras do 1 Bilhao*,245,2021-06-07T14:09:07Z
"BLACKPINK: Ha how you like that?

1M: *Disliked this MV is because felt triggered with that response*",432,2020-11-15T18:50:31Z
Best song of the year,2,2025-07-11T11:16:50Z
"""I'll kiss you goodbye""

Nooooo.",165,2020-06-26T09:23:55Z
0:29 okay but can we appreciate how “How you like that” Rose just crushed “Kill this love” rose crying with a four-leaf??,394,2020-06-26T12:29:06Z
"Can y'all stop stop the ""no one"" comments like -
Eye-",173,2020-06-26T09:50:49Z
Oh they went HARD!! 💘,0,2025-07-15T09:49:12Z
"How you like that?

Jennie: How you like my hairstyles?",235,2020-06-26T09:18:54Z
"*mv* *releases*


me: crawling out of my coffin after waiting for a comeback",627,2020-06-26T09:08:10Z
"R3c0meback COLOMBIA PRESENTE
Vamos blinks",520,2021-05-29T18:14:53Z
2025년에는 누가 있을까요? 👋🏻이거 다시 한번 상기시켜 드리고 싶네요.. 걸작이죠..,5,2025-07-24T00:15:40Z
"no one:
literally no one:
meanwhile yt: freezing views
Edit: thank u for the likes!! :""))
STREAM LOVESICK GIRLS <333",511,2020-06-26T09:25:35Z
"Bp: look at you, now look at me

Me: shook in spanish",279,2020-06-26T09:10:44Z
Anyone else looking through the comments and thinking: ‘I wish I said that’,530,2020-06-26T09:02:50Z
THEY ARE BACK!,7,2025-07-04T15:13:11Z
"Esto va muy lento, qué pasa Blinks?*suspiro*no pasa  nada sigamos reproduciendo",626,2021-05-31T21:20:45Z
"no one:
literally no one:
the comments: “the comments: “No OnE: LiTeraLLy No OnE:” ”",332,2020-06-26T08:56:41Z
This new era is gonna be 🔥,9,2025-07-11T05:26:55Z
"the entire comments section:
""no one""
""literally no one""",189,2020-06-26T10:00:47Z
"me checking comments: 58s = 4.1k



me: quickly trying to comment as fast asf",247,2020-06-26T09:18:00Z
"No one 

Literally no one 


YouTube: “let’s freeze the v13ws!”",807,2020-06-26T09:22:38Z
I watched this song 100 times but still love it ❤❤❤❤❤❤❤❤❤❤❤❤❤,0,2025-07-16T11:10:40Z
WHY IS EVERYONE COMMENTING THE SAME THING I'M   L O S T,245,2020-06-26T12:22:15Z
Everyone literally everyone: No one..,286,2020-06-26T09:48:07Z
Why there’s so many comments like: “no one:  literally no one:   “ ????,422,2020-06-26T08:56:08Z
"Blackpink: Lets see how many vi3ws we could make in an hour.
Youtube: Hold my vi3w fr33zing !!",208,2020-06-26T09:38:44Z
"When jennie say: 
Bring out your boss bit*ch

Me: *heart attack*
Blinks: **DRAG ALL THE HATERS**",413,2020-06-26T09:47:15Z
i pray a random person who likes this will be a billionare,245,2020-06-26T08:42:57Z
BLACKPINK IN YOUR AREA will be forever iconic ❤,1,2025-07-11T11:57:47Z
jisoo: I'm Zuko,327,2020-06-26T09:13:14Z
BLARMYs: SCREAMING BECAUSE THEY CAN'T BREAK THEIR SCREENS IN HALF,237,2020-06-26T08:58:15Z
"Nobody:
Jennie:- bring out the pop bit-ch",363,2020-06-26T09:14:05Z
Who is watching this legend song in 2025,2,2025-07-26T07:06:48Z
why do people keep commenting the same thing? “Everyone: comments and gets a hundred of likes “,157,2020-06-26T11:32:30Z
"damn, all this “No one” comments are giving me anxiety.
Edit: ANYWAYS LET’S NOT STOP STRE-AMING BLINKS! AND PLEASE REPORT THESE COMMENTS GUYS! FOR Y’ALL HATERS. HOW ABOUT YOU FOCUS ON YOUR GROUPS? Stop pestering us! Report those mf cuz’ THEY FREEZE THE VIEWS. AND PLEASE NO EMOJIS! LET’S STRE@M PROPERLY. NO FASTFORWARD. LOVE Y’ALL",228,2020-06-26T12:22:41Z
"Nobody: 
Me and other people:
_comments before premiere_",156,2020-06-26T08:57:14Z
I will never get tired of listening to this,0,2025-07-11T06:20:43Z
"No one:
Literally no one:
me after watching it nonstop:
look at you now look at meeeeeee",145,2020-06-26T09:21:31Z
"me: in a family gathering 
them: why are you crying??",262,2020-06-26T09:07:46Z
"I bet LISA is the one who gonna say “BLACKPINK IN YOUR ARE” in this Song, mark my comment",133,2020-06-26T09:00:09Z
Slay blackpink y’all got me into K-pop now at school everyone refers to me as the K-POP OBSESSED GURL and I even taught most people including boys to listen and dance to K-pop lol 😅😅❤❤❤❤ LOVE U BLACKPINK 😘😘,4,2025-07-09T17:29:09Z
Blackpink is back everyone!,1,2025-07-12T03:11:30Z
"nobody:
me at 5 am at the top of my lungs: LOOK AT YOU NOW LOOK AT ME",468,2020-06-26T09:19:22Z
me: *confused about lisa's hair*,218,2020-06-26T09:07:56Z
But- Okay I’m dead adiós everyone. **^**,429,2020-06-26T09:04:02Z
"BP: look at you now look at me
Me: i felt offended",288,2020-06-26T09:14:28Z
This hit is unforgettable 🔥,0,2025-07-06T02:20:48Z
"ROSÉ: * shows her little finger then wear a mask*

Me: HOLD UP, did she just- welp, ready to get robbed BLINKS",548,2020-06-26T09:10:33Z
"nobody:
blinks: *str3aming
yt: oh damn, lemme freeze the vi3w$",827,2020-06-26T09:33:15Z
"Jenlisa: look at you now look at me
Me ashamed: I know im ugly damn",283,2020-06-26T09:02:49Z
It was too perfect,3,2025-07-11T08:54:44Z
when is this 'no one:' thing going from the comment section ? I am tired of seeing it in literally every video,174,2020-06-26T09:03:22Z
"every one: 
literally everyone: nO OnE litErAllY nO One",175,2020-06-26T08:58:57Z
"blinks: ""I hope youtube doesn't freeze vie-""
youtube: *evil cackle*",715,2020-06-26T09:43:44Z
Miss this era of blackpink 😢,5,2025-07-15T03:15:35Z
"'Look up in the sky 
It's a bird it's a plane' no it's actually my wig flying",520,2020-06-26T09:06:31Z
"I AM SO TIRED OF REPORTING THE ACCOUNTS WHO SAY, No One: Literally no one.
HATERS JUST GET OUT OF HERE.",406,2020-06-26T12:21:27Z
Eu so esperqva que nesse clipe a Jisoo falasse o começo onde a Lisa falou poxa YG nossa todas ja disseram isso menos a Jisoo,3890,2020-06-26T15:46:54Z
This song is LEGENDARY.,0,2025-07-14T15:05:52Z
"""Look up in the sky it's a bird its a plane. """,251,2020-06-26T09:09:53Z
"No one:

Me singing in front of my mirror : look at you now look at me~",350,2020-06-26T09:11:20Z
"90% comments: no one, literally nobody 
10% comments: other",252,2020-06-26T10:10:21Z
"omggg, came back here after listening to Jump and HYLT literally gave me goosebumps 🥹",2,2025-07-11T08:20:43Z
"no one :
Literally no one:
Lisa : look at you look at me
me: i know im an ugly and fat potato dont attacc me",169,2020-06-26T09:16:08Z
literally some blinks:  watches over and over on other devices.,441,2020-06-26T09:23:23Z
"no one: ha-
filipinos: hakdog
blackpink: how you like that?",129,2020-06-26T08:58:51Z
Hearing blackpink in your area again made me soooo nostalgic,1,2025-07-11T11:54:34Z
"*flashbacks to yt rewind 2020 comment section*

Also, what's happening?",207,2020-06-26T15:46:21Z
LA BELLEZA DE JENNIE NO ES UNA BROMA,245,2021-04-05T11:19:48Z
"No one:


Literally no one: 


Not even yg from his jail cell:


The comment section: Look at you now look at me",482,2020-06-26T09:19:28Z
four girls are perfect pieces for each other,2,2025-07-13T02:08:42Z
Yg goal 50M views in 24 hours. Blinks no we want more. Blinks told haters that we are not biggest fandom but we are most powerful fandom 85 M views,300,2020-06-27T07:43:29Z
Y’all stop it with the “no one; literally no one” comments,142,2020-06-26T09:48:31Z
"Blackpink: ""How you like that""
Me literally seeing the comments section: what the hell man I don't like that.",156,2020-06-26T10:14:02Z
I will support blackpink forever,5,2025-07-11T09:13:27Z
"LISA 2019 : Here lm kicing the door
LISA 2020: HOW YOU LIKE THAT",184,2020-06-26T19:53:58Z
"""black pink in your area"" it's lisaaaaa",139,2020-06-26T09:04:34Z
"no one:
literally no one:
me at 5 am: *DDODOONGDDORUROO-*",225,2020-06-26T09:02:49Z
This is the best black pink song ever❤❤❤🔥🔥🔥,0,2025-07-14T13:42:08Z
"Me in comments: why tf everyone is like ""no one literally no one""
edit: Why tf everyone is saying same thing in comments tf
They got virus or wat it is annoying stop
Edit: why it says 6.1m views but when u tap it is 457k views",351,2020-06-26T10:01:45Z
"After seeing mv me- omg i cant breath after seeing this
My mom- wait u cant breath i am sure u got corona lemme take u to hospatail",329,2020-06-26T09:04:35Z
"Literally Everyone:
""Nobody :
Literally no one :
Someone: ...""",137,2020-06-26T09:42:19Z
It all started with this spoon and now I'm a blink🎉🎉🎉🎉🎉🎉🎉,2,2025-07-13T02:29:18Z
"My last brain cell at 2 pm


“Ha how you like that” :/",466,2020-06-26T09:06:13Z
"Me and my boyfriend after a breakup : 

“Look at you now look at me”",505,2020-06-26T09:37:00Z
Dancers must be on overtime today in order to post dance cover early tomorrow,613,2020-06-26T15:47:14Z
this is the biggest comeback in history 🤯❤️‍🔥❤️‍🔥❤️‍🔥,1,2025-07-19T01:43:54Z
I have reported some of these ‘no one’ comments as ‘spam’ they serve no purpose or meaning! And annoying AF. Blink let’s report these spammers! YouTube might delete all of them at once!!,472,2020-06-26T15:48:05Z
"me in their yt live: ""the subtitle person better type FASTTT""

YG (blackpink): ""yea we're not doing that""",161,2020-06-26T08:57:17Z
We still have 2 hours we can get 100 if we try hard,456,2020-06-27T07:43:49Z
this was so iconic its insane,1,2025-07-15T13:41:16Z
"Nobody:
Youtube: lets freeze the views",844,2020-06-26T09:33:19Z
"no crean en lo que se dice en los comentarios, NO BORREN EL HISTORIAL",231,2020-12-15T06:54:51Z
"No one: 

Me: ""loOk aT yoU nOw lOok At mE""",295,2020-06-26T09:24:54Z
Blackpink is the best kpop group,2,2025-07-12T14:32:11Z
"Guys the statue of genesha in Lisa rap 
Has been edited out at 1:20",158,2020-06-30T05:10:33Z
"no one:
literally no one:
me after watching: HA- HOW U LIKE DAAT",557,2020-06-26T09:02:52Z
"Me having a bad day:

Jennie: *look at you now look at me*
Me: ...",173,2020-06-26T09:47:30Z
Queens❤,1,2025-07-24T02:38:36Z
"no one:
literally no one:
the comments: “no one:
literally no one:
the comments: “the comments: “No OnE: LiTeraLLy No OnE:” ””",356,2020-06-26T08:58:19Z
"All these ppl:(comment same)
Me: BP run the game in high hillls!......BP in your area!
BP: du ddu du ddu(slaps talent 1:50)",369,2020-06-26T15:47:52Z
"Literally no one :

Ppl in the comment sec :

 ""no one: """,152,2020-06-26T09:38:42Z
Jamás me cansaré de esta obra de arte 😫🩷,1,2025-07-11T20:01:18Z
Jennie: Look at you now look at me.,138,2020-06-26T09:06:27Z
"Blackpink: look at you now look at me.
Me: Died.",167,2020-06-26T09:11:08Z
"Bp: How you like that?
Blinks: We loved that 
Thanks for coming back unnies",121,2020-06-26T09:30:19Z
BLACKPINK literally slayedddd My queensss 🖤💗,0,2025-07-11T06:16:36Z
i can't stand straightly. i want u guys to see everytime on the screen,272,2020-06-26T09:03:09Z
"2:45 : 
DumdumdumDuruRum DumdumdumDuruRum  DumdumdumDuruRum DumdumdumDuruRum DumdumdumDuruRum",812,2020-06-26T15:47:11Z
"""It's a bird it's a plane""

Us after *quarantine* .",148,2020-06-26T09:21:25Z
Blackpink is that diva ❤💋,1,2025-07-11T16:39:27Z
"Producers: So how many back up dancers do you want?

BP: yes",400,2020-06-26T09:12:53Z
"No one:

Literally no one:

The comments:
""No one"" ""Literally no one""",240,2020-06-26T09:43:09Z
can ppl stop saying “no one” “literally no one?”,134,2020-06-26T09:47:13Z
Who's happy that our queens are back,2,2025-07-05T13:56:00Z
"No one :
Absolutely no one:
Everyone in the comments: loOk aT mE LoOk aT yOU",205,2020-06-26T09:17:57Z
NEW TARGET 85M. LEZGO BLINKS!! We still have 1hr and 15mins left. LEZGO!!!,125,2020-06-27T07:43:50Z
"friend: if you an artist and appear in this mv, who would you be?
me: probably the donkey",131,2020-06-26T09:08:29Z
Can't believe it's been 5 years to this ART,8,2025-07-03T22:30:21Z
"nobody:
not even my cats poop:
me: dancing and singing on the floor like a total idiot  
i lovcee you QUEEN
I ALREADY REMOVE THE EMOJI..",436,2020-06-26T09:21:27Z
"no one:
literally no one:
comments:
 nobody: 
not even:",247,2020-06-26T08:52:56Z
"pq les cuesta tanto hacer str34mn? NECESITAMOS LLEGAR AL BILLÓN, MUEVANSEEEEEEE",165,2021-05-25T03:38:35Z
this comeback save me from pandemic,3,2025-07-17T03:51:45Z
"Me: There she is .... my angelsé.
Rosé: who said I was an angel. 
She just killed me and that ski mask oh god",132,2020-06-26T09:21:07Z
Why are the comments like “no one:”,488,2020-06-26T09:25:12Z
"Nobody:
Not even me:
My mum : comes into my room while i listen to the song the first time and shows me a new pair of socks that she bought for me",156,2020-06-26T09:16:18Z
NOW WE ARE READY FOR JUMP 😍,2,2025-07-07T18:53:37Z
"Most of the comment:
“NOBODY”
“Literally No One”
“Delete emoji”",311,2020-06-26T09:46:43Z
"JENNIE: LOOK AT YOU NOW LOOK AT ME

Me:
The ghost beside me:
The spider at home:",148,2020-06-26T10:23:48Z
"""Look up the sky, It's a bird, It's a plane""

Me being dumb who actually thought there's an airplane and a bird: *where?!*",287,2020-06-26T09:08:52Z
love this masterpiece that's why i kept on coming back,0,2025-07-12T11:26:46Z
"BLACKPINK:. ""NOW LOOK AT YOU, NOW LOOK AT ME""
Me: * Checks myself in the mirror *",134,2020-06-26T09:50:20Z
just a normal comment coming thru,628,2020-06-26T15:47:25Z
don’t look at the fact that there’s 1mil dislikes look at how there’s 19mil likes,119,2021-02-12T21:07:48Z
"After 5 years, this song is still golden ❤",5,2025-07-12T08:35:40Z
ME STILL THINKING ABOUT WHY YG MV HAVE A TRIANGLE •_•,127,2020-06-26T09:14:42Z
"No one:
Literally no one:

YouTube: oh, lemme freeze this. Ha ha how you like that?",174,2020-06-26T10:18:49Z
"كمت ابجي بسبب فخامه الاغنيه احبكم يا كوينز الامه
I love you blackpink my queens
edit:thanks for 100 like 
تعديل:شكرا ؏ 100 لايك",190,2020-06-26T11:47:14Z
The song is crazy and Black Pink is crazy🖤💗😭,1,2025-07-13T19:34:20Z
"*If you're Filipino, you'll know all the memes circulating about Jennie's pose.* *lol*",161,2020-06-26T09:28:46Z
"me: nowadays I studied Korean a lot. I'll understand every single thing in this song

me: one two three? at 00:40",207,2020-06-26T16:39:20Z
"1:04 Lisa's silver front tooth looks coooool!!! 
Wow! Going 170M!! 
How y'all like that!",123,2020-06-29T13:19:49Z
This brings back so many memories. My daughters love this song. They used to sing and dance to this song.,1,2025-07-22T03:35:28Z
"Blackpink be like: how you like that? 


Me: yes I really like that!!",247,2020-06-26T09:23:05Z
"Litterally Nobody :     

Me for the next 2 months: Look at you Now look at me",147,2020-06-26T09:07:10Z
"""Look at you now look at me"" BP showing us our reality  potato heads RISE UP",165,2020-06-26T09:10:53Z
"They look so different, then they're princesses, now they're queens",0,2025-07-19T14:04:43Z
"2019 : KILL ME
2020 : How to make me die
2021 : Funeral",711,2020-06-26T09:10:41Z
"BLINKS HEADLINES!!!!
BLACKPINK WILL SOON HAVE A COMEBACK IN 2025!!!!
LETS SHAKE THE KPOP INDUSTRY ONCE AGAIN AND SUPPORT OUR GIRLS!!!",191,2024-07-21T19:28:57Z
"For the next 2 hours all the comments are gonna be: ""I'm early""",125,2020-06-26T09:51:56Z
Fabulous powerful legendry song it's my favorite song 😊😊😊💪,0,2025-07-01T17:45:12Z
2025년 사람 있나요?,158,2025-07-01T10:46:26Z
"Y'all Why does everyone have to comment like
""no one""
""Literally no one""
: /",216,2020-06-26T10:09:19Z
"When you’re seriously not bothered to comment in the live chat cuz no ones actually gonna read it:




U type it in the proper chat so u can get noticed",172,2020-06-26T09:00:17Z
Finally black pink is back to gather yay 🖤💖,1,2025-07-16T22:21:48Z
"No one:
Literally no one:
Everyone: gets hundreds of likes in seconds.

HOW YOU LIKE THAT",381,2020-06-26T09:41:11Z
"this is fokken aaawesome, but did ya listen to STAS CHEKIROV - PAGER ???",2313,2025-02-22T15:01:52Z
"Me finding a comment that talks about their song

Reality : no one , no one literally noone no no no one.......",121,2020-06-26T10:22:11Z
"Ah the memories
My very first kpop song
First kpop group i ever stanned
I love them for helping me discover what i like and i will never get bored of",2,2025-07-16T02:13:14Z
"No one:

Literally no one:

Me: why the views are not increasing???",141,2020-06-26T09:57:36Z
Edited so y'all don't know what I said. Keep streaming!!,343,2020-06-26T09:40:01Z
Me after my mom drops something and I call her a mistake: *how you like that*,474,2020-06-26T09:09:57Z
이 뮤직비디오랑 노래 너무 좋아요 ❤️ 🖤💗,2,2025-07-18T09:40:13Z
"No one;

Literally no one;


Comment section; ""Literally no one;""",247,2020-06-26T09:22:49Z
"No one:
'Likes'  to 'v!3ws': LOOK AT YOU NOW LOOK AT ME
v!3ws: TT
Dislikes:HOW YOU LIKE THAT",138,2020-06-26T09:54:05Z
"The language of the song: 1️⃣/2️⃣

The language of the comments: 1️⃣9️⃣9️⃣9️⃣9️⃣9️⃣9️⃣


HOLY SKKSKJ ALMOST 200 LIKES IN 1 MINUTE I-",178,2020-06-26T08:59:02Z
BLACKPINK IN YOUR AREA❤❤❤❤❤❤,3,2025-07-20T11:54:16Z
"No one:
Literally no one:

ppl having 500 likes in just seconds.",403,2020-06-26T09:38:46Z
HOLY MOLY WE ARE SO CLOSE TO 80M,238,2020-06-27T07:42:06Z
"Me at 4:AM probably waking up my entire  family: ""lOoK aT yOu, nOw lOoK aT mE.""",160,2020-06-26T09:22:24Z
블랙핑크 너무 사랑해요~♡♡♡ 이 노래 저처럼 좋아하신 분은 이 이모지 꼭 눌러주세요 👐,2,2025-07-24T18:51:56Z
"""Look at me now look at you""
Me looking at my self  - bends the knees to the queens in a sec

PS: thank you for the likes. When you have time go check out my music video reviews. of Blackpink, txt, dreamcatcher, twice and so on 🙏",251,2020-06-26T09:09:01Z
The person that's reading this I know you're not ok,466,2020-06-26T09:03:06Z
"*ATENCION: Hagan Stream A HYLT, Porque Blackpink Esta Punto De Perder El Primer Lugar En Ser El Único Grupo Kpop En Tener 4 Videos Oficiales En Tener 1 Billón De Reproducciones Pasen La Voz, Difundan El Mensaje*",172,2021-07-26T23:24:07Z
Ily Bp💗🖤,0,2025-07-11T18:06:29Z
"Youtube: 5minutes ago 2 views
Comments: 60K
Me: O_O YouTube’s drunk again...",125,2020-06-26T09:08:56Z
WHY IS THERE THE SAME COMMENT EVERYWHERE IM CONFUSED HELP,208,2020-06-26T15:46:06Z
"Ok this ""no one"" thing in the comments are getting annoying",153,2020-06-26T09:51:44Z
This song was and is still a whole vibe,1,2025-07-24T16:09:53Z
"No one:
Literally no one:


Me: wondering how people getting 1k likes in just a minute",373,2020-06-26T09:55:44Z
"No one:
YouTube: let’s freeze the v13ws",178,2020-06-26T09:22:42Z
"Them: ""how you like that?""
Blinks: *dead*",190,2020-06-26T09:08:37Z
HOW YOU LIKE THAT WILL NEVER LOSE ITS SHINE !✨,0,2025-07-18T22:18:58Z
"No one:
Literally no one:
YG: Green screen who? I only know how to spend millions for my artist's mv",162,2020-06-26T10:17:00Z
"Filipinos be like:
From “ha? Hakdog”
To “ha? How you like that”",297,2020-06-26T10:21:11Z
Then when i sneeze :  ha how you like that.,165,2020-06-26T09:06:53Z
"Here after watching jump mv. This was peak blackpink energy , i miss HYLT days 😢",1,2025-07-11T10:24:10Z
"No one:


The comments here:
""No one:
Literally no one:""",252,2020-06-26T09:43:01Z
ARKADAŞLAR STR2AM KASIN 200 MILYON YAPALIM LUTFEN,161,2020-07-01T11:35:34Z
"when did everyone agree to use ""no one:     literally no one:"" things in this comment section though??",236,2020-06-26T09:38:29Z
Blackpink in your area,1,2025-07-22T02:42:09Z
"Everyone: ""Still no antidote for Covid19""
Blink: WELL BLACK PINK NAILED IT. ***bye covid",169,2020-06-26T09:08:00Z
"Them: LOOOK AT YOU NOW LOOK AT ME
Me looking like a rotten potato watching this.",405,2020-06-26T09:09:26Z
"how To pronoune ""How you Like that""

Them: ""how you like that""
Me: ""song Of the year ""

PERIODT.


Edit: DONT REPLY ON MY COMMENT IF U DON'T GET THE JOKE.🙂",256,2020-06-26T09:17:12Z
What a beautiful song todoquever😍😍,2,2025-07-11T15:08:26Z
"blinks: where are the views
youtube: no comment.",135,2020-06-26T09:19:15Z
"no one:
literally no one:


everyone in the comments: getting 100 likes in less than a minute",283,2020-06-26T09:58:58Z
"Nobody:



Even my mom:



Me: look at me now look at you",143,2020-06-26T09:18:37Z
Blackpink in your area,2,2025-07-20T17:59:12Z
I just think its funny how yall clearly dont know how youtube works. All these spam comments help them get views because of the algorithm,253,2020-06-27T07:42:37Z
"No one:
Literally no one:
Comments: 
No one:
Literally no one:",203,2020-06-26T09:25:45Z
"No one:

Literally no one:

YouTube: *Let's freeze views*",277,2020-06-26T09:44:37Z
Can't wait to see you in Paris 2 and 3 August 🥰,2,2025-07-08T08:36:25Z
why is everyone commenting same thing,294,2020-06-26T15:47:35Z
"Why is everyone commenting 
the same comment
I’m confused and getting dizzy",376,2020-06-26T13:03:30Z
"En chile son las 02:17 de la noche
Pero no me importa me voy a quedar hasta las 6 si es necesario",136,2020-12-15T05:16:24Z
can't wait for their new album,1,2025-07-17T03:50:23Z
"Nobody:

YouTube: ""Let's freeze the views!""

edit: nothing happened, still 457k views",120,2020-06-26T10:28:56Z
Mi mama: SUBELE EL VOLUMEN A ESA SONG!!!,185,2020-06-26T09:03:32Z
"No one:
Literally no one:
Me: everybody is getting 100s of like in a sec 0-0",126,2020-06-26T09:43:10Z
1.3 billion proud of u blinks lets take it to 2 billion sooon,0,2025-07-14T16:55:28Z
"No one:
Literally no one:
Me:*screaming so loud that my brother think im crazy*",150,2020-06-26T08:56:45Z
"no one:
youtube: aight, imma do what I do best **crashes**

edit: sankyu I didn't expect I'll get that much likes ㅋㅋㅋ",235,2020-06-26T09:23:28Z
"No one:
Literally no one:
Everyone in the comments: getting a hundred likes in a second",176,2020-06-26T10:02:02Z
Im so ready for their comeback omgggg 👏🏻,1,2025-07-09T02:04:55Z
"No one:
Literally no one:


Eveyone talking about how everyone is getting 100 likes every minute",120,2020-06-26T10:01:47Z
"No one:
Literally no one:
Everyone: get hundred of likes less than a minute",124,2020-06-26T10:26:25Z
Pubg mobileden gelenler artı1,215,2020-09-24T21:57:44Z
BLACKPINK IS THE BEST 🖤💗,1,2025-07-09T20:28:31Z
"No one 

Literally no one:

Me: people get so many likes in one second",248,2020-06-26T09:42:46Z
"Никто:
Абсолютно никто:
Все: комментируют это и не получают лайков",296,2020-06-26T15:46:54Z
why this has 180likes?,174,2020-06-26T09:26:38Z
FINALLY THE QUEENS ARE BACK!!! QUEENS OF K-POP ARE HERE BLACKPINK IN YOUR AREA,1,2025-07-11T11:55:18Z
Who came here from Pubg mobile,281,2020-09-24T15:12:20Z
"Srsly can we just stop using 
No one : 
Literally no one:
It's annoying AF",124,2020-06-26T09:44:30Z
.,275,2020-06-26T09:51:38Z
Lindas divas arrasaram voltaram com tudo parabéns divaaaas❤❤❤,2,2025-07-11T15:36:28Z
66million until 1.4b!!! Keep streaming Blinks,2,2025-07-05T21:08:19Z
"Pandemic Time when the song was released, the nostalgic feeling",1,2025-07-03T21:25:28Z
Love itttt,2,2025-07-23T04:20:43Z
I can say they look the prettiest in HYLT era!!!,1,2025-07-15T15:55:09Z
"amo esta cancion,la sigo escuchando a pesar de los años, las mejores",2,2025-07-12T22:11:22Z
BLACKPINK WILL NEVER BE FORGOTTEN,0,2025-07-19T08:11:35Z
Can't believe it's already 5 yearsss omg my queens,1,2025-07-17T13:54:12Z
i miss this blackpink.,1,2025-07-02T19:50:45Z
Blackpink in your area😎,1,2025-07-11T13:19:24Z
blackpink love you forver🖤🖤🖤🖤🖤🖤💓💓💓💓💓💓,0,2025-07-14T13:56:01Z
so happy theyre back❤,0,2025-07-21T15:43:21Z
Feel in Love,1,2025-07-13T19:08:42Z
"Amava essa música, hoje estou ouvindo ela novamente e sinto a mesma energia que sentia!",0,2025-07-08T04:29:35Z
이 노래 블랙핑크 방탄소년단 정말 좋아했어요 ❤,3,2025-07-03T23:32:57Z
nostalgic hit,1,2025-07-12T06:48:58Z
Everyone's favourite blackpink song❤🥺,0,2025-07-16T12:00:41Z
Estás chicas son geniales,1,2025-07-27T04:15:07Z
Biggest fan ever,1,2025-07-17T21:11:18Z
My favorite song ❤❤❤ I am blackpink fan ❤❤❤,0,2025-07-06T08:23:06Z
اليووممم عودتتت بلاك بينككك حماسسسس🩷🖤,1,2025-07-05T15:40:16Z
국뽕에 미치게 만드는 슬기로운 영상....😊😊😊,3,2025-07-05T11:36:22Z
I love this music❤❤❤❤❤,0,2025-07-20T09:13:30Z
They slay so hard,0,2025-07-09T20:43:24Z
this is best song OMG,1,2025-07-19T18:24:17Z
My first k-pop song,2,2025-07-13T10:44:31Z
I love you BLACKPINK❤,1,2025-07-02T19:21:43Z
I'm here after Jump hehe,7,2025-07-11T04:19:03Z
I like it!,2,2025-07-16T22:18:22Z
"I love this song of  
                 (BLACKPINK)",0,2025-07-26T08:59:03Z
"STREAM ""JUMP"" PLEASEEEEEEEEEEEE",5,2025-07-11T04:21:34Z
Listening to bp old song waiting for new   comeback 😢,1,2025-07-02T12:12:24Z
bring me back to the first time I heard how you like that it does not feel the same hearing it now,1,2025-07-11T05:08:18Z
BLACKPINK IN YOU AREA 🗣️🗣️🗣️,1,2025-07-11T23:32:55Z
Blackpink in your areaaaa!!!😂,4,2025-07-11T21:16:08Z
Lisa’s part is epic,5,2025-07-20T23:33:22Z
"Please don't hate them, love them they have crystal clear noble hearts ❤",0,2025-07-10T13:20:45Z
how u like that ❤️‍🔥,1,2025-07-14T09:06:52Z
BLACKPINKが大好きです。彼女たちは独特の輝きがあって、私のお気に入りのアイドルです❤️,0,2025-07-16T20:18:29Z
Here before Deadline world tour❤,2,2025-07-04T16:09:15Z
BLINKS stream JUMP on all the platforms 🔥🔥,2,2025-07-11T06:21:59Z
"Ellas devoraron, no dejaron ni la más minima migaja 🔥🔥",0,2025-07-11T14:57:21Z
The best music of blackpink,0,2025-07-11T17:07:25Z
I love blackpink ❤,2,2025-07-22T14:42:45Z
Miss this BLACKPINK ..,0,2025-07-14T21:49:17Z
5 years later and this is still the best kpop outro ;-;,1,2025-07-13T08:07:58Z
Who's here after jump?,13,2025-07-11T04:26:25Z
love youuu,1,2025-07-12T12:54:50Z
How You Like That comeback is the best,1,2025-07-20T04:29:24Z
Who's after JUMP,13,2025-07-11T04:48:26Z
ME ENCANTOO❤❤❤,1,2025-07-12T20:35:44Z
Anyone after JUMP???,7,2025-07-17T03:22:24Z
BLACKPINK IS BACK,0,2025-07-08T02:20:24Z
"The ""JUMP"" song is best yeeeaaaaaaaaa😏😜I love you guys (BLACKPINK)❤❤❤❤",6,2025-07-11T15:57:31Z
Blinks let's stream all of our queens songs,3,2025-07-04T18:33:23Z
"5 years of this hit, and I haven't gotten over it (I probably never will 💔)",0,2025-07-27T01:42:59Z
"2025 and i still love it plus the heck the nostalgia be hitting hard today, this video literally got me into kpop now i really wanna become a idol!",2,2025-07-12T15:08:10Z
South Koreans taking the world by storm....❤🎉,2,2025-07-01T20:07:05Z
I ❤ Blackpink,1,2025-07-16T22:19:19Z
Las que si dan orgullo las que tienen el verdadero nombre de patronas del k-pop,2,2025-07-04T16:29:49Z
BLACKPINK IN OUR AREA AGAIN!🖤💗🎉JUMP💗,0,2025-07-10T15:31:46Z
Hylt era was really dope,1,2025-07-07T18:53:04Z
Blackpink in your area 🖤💗🖤💗🖤💗🖤💗,0,2025-07-06T13:54:46Z
i love it so much,0,2025-07-14T13:54:06Z
La canción del año😍,2,2025-07-11T04:16:31Z
Pasando por dónde crecí🥳,3,2025-07-18T02:43:18Z
Came here after watching  Jump MV ♥️,2,2025-07-11T05:02:47Z
you love music💖💖💖💖💖,0,2025-07-06T02:25:54Z
100 MILHÕES ❤,2,2025-07-06T22:55:25Z
"1,5 Billion  let's go ❤❤❤",0,2025-07-19T06:20:40Z
blackpink best forever🥀,0,2025-07-16T16:45:30Z
Me encanta demasiado el inicio es épico,1,2025-07-08T00:50:44Z
Me encanta este vídeo y la canción también todo es perfecto,1,2025-07-08T00:49:51Z
I liked it❤❤❤❤,2,2025-07-04T11:57:32Z
My first kpop song 🖤🖤🖤💖💖💖💖🔥🔥🔥,0,2025-07-22T17:59:14Z
VAMOS POR LOS 20 MILLONES BLINKSSSSS SI DE PUEDE 🎉🎉🎉🎉🎉,2,2025-07-11T16:24:53Z
"¡Me encanta este video! Las imágenes son increíbles, la música es espectacular, sin duda amo a este grupo.",1,2025-07-12T01:53:53Z
Love the dance scene and the costume changes nice voices 7.1.2025,1,2025-07-01T19:59:08Z
❤❤ wow ❤❤❤❤❤❤❤ i❤u so much BLACKPINK,1,2025-07-25T07:52:37Z
BLACKPINK ESTA DE VUELTA,0,2025-07-11T03:31:59Z
This my Best song❤❤❤,0,2025-07-11T19:51:55Z
Aprovechando a hacer stream a JUMP pasando por mis raices ❤,2,2025-07-11T19:24:43Z
"las amo blackpink,su musica es genial y sus canciones son muy pegajosas y no salen de mi cabeza",1,2025-07-12T22:11:56Z
"“Look at me now look at you”

Yes I’m staring to your soul",2,2025-07-04T20:22:08Z
miss this era….,2,2025-07-02T16:10:32Z
QUEENS,0,2025-07-05T08:42:50Z
Let’s go for 2B,1,2025-07-18T01:37:33Z
"My favourite song, stream jump mv blinks ❤❤❤❤😊",1,2025-07-11T18:07:52Z
"For those who don't know : 
Blackpink is releasing their new single “JUMP” on the 11th of July. PLEASE MAKE SURE TO CHECK IT OUT! 
XOXO",2,2025-07-07T19:50:51Z
I became blink after hearing this song 😂❤,0,2025-07-10T04:52:10Z
Amo esta cancion,1,2025-07-11T04:09:30Z
Lisa  shines like a diomond,1,2025-07-02T10:41:33Z
My favorite song,2,2025-07-08T22:06:57Z
essa sempre vai ser uma das minhas favoritas,0,2025-07-12T03:50:58Z
OMG love it !!!,1,2025-07-11T11:46:56Z
2:26 the beat hits so hard!!!! 🔥🔥🔥,0,2025-07-23T00:45:01Z
Siempre las Mejores 🖤🩷🤗🫶🏻🤗🫶🏻,2,2025-07-12T06:59:14Z
I love blackpink,1,2025-07-15T03:06:27Z
I like how you didn’t use an excessive amount of concealer. Your taste in BlackPink is also appealing. 😍,1,2025-07-01T16:21:52Z
Blackpink Great Show Last Night,2,2025-07-18T22:34:58Z
JENNIE delivers every line with confidence and precision.,0,2025-07-05T07:05:06Z
BLACKPINK FOREVER❤,0,2025-07-06T11:35:22Z
Amoooooo el kpop❤❤❤😊,0,2025-07-23T21:01:59Z
How you like thaaaaaaat!!!!,1,2025-07-15T01:54:32Z
BLACKPINK IS BACK,0,2025-07-11T03:31:47Z
Stream stream other songs while JUMP comes out!!!,4,2025-07-11T03:52:58Z
"1,3 Billion+1,8 Billion:3,2 Billion ❤",0,2025-07-15T10:35:29Z
las blinks las amamos mucho,1,2025-07-12T22:12:08Z
Debemos hacer que esta hermosa y energética canción llegue a 1b!☹️😊,0,2025-07-11T16:45:49Z
Who’s here after JUMP?,4,2025-07-11T18:12:01Z
How cute my girls are 💗😭,0,2025-07-11T00:02:02Z
How you like that by blackpink  unnie is best song,0,2025-07-11T03:32:22Z
2025년 7월… 시간이 흘러도 블랙핑크에 대한 사랑은 여전해요 🖤💖 나는 항상 블링크로 남을 거야 ✨💫,2,2025-07-16T14:22:30Z
Queen back,0,2025-07-11T06:15:54Z
2:10 Jennie's hair is so beautiful.This era will be unforgetablle,3,2025-07-18T08:43:17Z
Love from Bangladesh 🇧🇩,0,2025-07-14T03:02:20Z
no se si me entiendan pero dire que es la mejor cancion que eh escuchado🤎🤎🤎🤎🤎🤎🤎🤎🤎🤎,0,2025-07-11T01:14:41Z
